jan,feb,mar,apr,may,jun,jul,aug,sep,oct,nov,dec,leap-feb,thanksgiving-nov,thanksgiving-dec,gulf-war,9/2001,iraq-war,sars-outbreak,great-recession,months-since-9/11,months-since-covid-19,unemployment-rate,nonfarm-payroll,deaths,new-infected,current-infected
0,0,0,0,0,0,1,0,0,0,0,0,0,0,0,0,0,0,0,0,226,4,9.2,141330,804.1612903,406057.8065,5323409.194
0,0,0,0,0,0,0,1,0,0,0,0,0,0,0,0,0,0,0,0,227,5,9.7,140160,1259.16129,527741.1935,7790860.581
0,0,0,0,0,0,0,0,1,0,0,0,0,0,0,0,0,0,0,0,228,6,10.0,139550,1386.6,443613.5667,7057955.567
0,0,0,0,0,0,0,0,0,1,0,0,0,0,0,0,0,0,0,0,229,7,10.1,139190,1117.935484,398104.6774,5925059.129