jan,feb,mar,apr,may,jun,jul,aug,sep,oct,nov,dec,leap-feb,thanksgiving-nov,thanksgiving-dec,gulf-war,9/2001,iraq-war,sars-outbreak,great-recession,months-since-9/11,months-since-covid-19,unemployment-rate,nonfarm-payroll,deaths,new-infected,current-infected
0,0,0,0,0,0,1,0,0,0,0,0,0,0,0,0,0,0,0,0,226,4,9.2,141330,604.677419,250798.032258,3448887.193548387
0,0,0,0,0,0,0,1,0,0,0,0,0,0,0,0,0,0,0,0,227,5,9.7,140160,723.000000,262127.903226,4041575.7419354836
0,0,0,0,0,0,0,0,1,0,0,0,0,0,0,0,0,0,0,0,228,6,10.0,139550,660.700000,204212.833333,3254261.733333333
0,0,0,0,0,0,0,0,0,1,0,0,0,0,0,0,0,0,0,0,229,7,10.1,139190,516.354839,179888.677419,2718453.6774193547
