jan,feb,mar,apr,may,jun,jul,aug,sep,oct,nov,dec,leap-feb,thanksgiving-nov,thanksgiving-dec,gulf-war,9/2001,iraq-war,sars-outbreak,great-recession,months-since-9/11,months-since-covid-19,unemployment-rate,nonfarm-payroll,deaths,new-infected,current-infected
0.0,0.0,0.0,0.0,0.0,0.0,1.0,0.0,0.0,0.0,0.0,0.0,0.0,0.0,0.0,0.0,0.0,0.0,0.0,0.0,226.0,4.0,9.2,141330.0,815.741935483871,456054.06451612903,6633456.129032258
0.0,0.0,0.0,0.0,0.0,0.0,0.0,1.0,0.0,0.0,0.0,0.0,0.0,0.0,0.0,0.0,0.0,0.0,0.0,0.0,227.0,5.0,9.7,140160.0,1048.2903225806451,356867.5806451613,5799462.483870967
0.0,0.0,0.0,0.0,0.0,0.0,0.0,0.0,1.0,0.0,0.0,0.0,0.0,0.0,0.0,0.0,0.0,0.0,0.0,0.0,228.0,6.0,10.0,139550.0,814.3,251259.9,4053951.3666666667
0.0,0.0,0.0,0.0,0.0,0.0,0.0,0.0,0.0,1.0,0.0,0.0,0.0,0.0,0.0,0.0,0.0,0.0,0.0,0.0,229.0,7.0,10.1,139190.0,581.9032258064516,211664.16129032258,3244300.1612903224